id,name,country,type,risk_label
0,Robert Johnson,Guam,civilian,0
1,Alison Le,China,civilian,0
2,James Campbell,Azerbaijan,civilian,0
3,Melissa Brown,Equatorial Guinea,civilian,0
4,Joseph Osborne,Lebanon,civilian,0
5,Jesse Moore,Ireland,civilian,0
6,Marie Porter,Cape Verde,civilian,0
7,Rachel Foster,Hong Kong,civilian,0
8,Kelsey Bryant,Bermuda,civilian,0
9,Reginald Ortiz,Faroe Islands,civilian,0
10,Ashley Ochoa,Afghanistan,civilian,0
11,Jessica Collins,American Samoa,civilian,0
12,Kathleen Terry,Cook Islands,civilian,0
13,Cynthia Lambert,El Salvador,civilian,0
14,Barbara Wright,Belgium,civilian,0
15,Matthew Hutchinson,Lithuania,civilian,0
16,Stephen Wilson,Benin,civilian,0
17,Laura Chapman,Germany,civilian,0
18,Austin Andersen,Guinea,civilian,0
19,Joseph Wright,Malta,civilian,0
20,Jason Singh,Tajikistan,civilian,0
21,Judith Franklin,Wallis and Futuna,civilian,0
22,Thomas Campbell,Timor-Leste,civilian,0
23,Susan Soto,Congo,civilian,0
24,Rebecca Evans,Estonia,civilian,0
25,Laura Brown,Czech Republic,civilian,0
26,Ruben Turner,Cocos (Keeling) Islands,civilian,0
27,Jennifer Hanson,French Southern Territories,civilian,0
28,Amanda Mccarthy,Kenya,civilian,0
29,Rebecca Moore,Nigeria,civilian,0
30,Patricia Martinez,Jersey,civilian,0
31,Allison Cervantes,Germany,civilian,0
32,Rebecca Sawyer,Greenland,civilian,0
33,Karen Hartman,Algeria,civilian,0
34,Ryan Duke,Isle of Man,civilian,0
35,Melissa Potter,Mauritania,civilian,0
36,Katherine Freeman,Malawi,civilian,0
37,Robert Anderson,South Georgia and the South Sandwich Islands,civilian,0
38,Holly Bell,Lesotho,civilian,0
39,Denise Sanchez,Oman,civilian,0
40,Amber Walter,Tunisia,civilian,0
41,Michael Mann,Lebanon,civilian,0
42,Jane Goodwin,British Indian Ocean Territory (Chagos Archipelago),civilian,0
43,Kelsey Barrera,Tonga,civilian,0
44,Stacey Martinez,Wallis and Futuna,civilian,0
45,Joe Carroll,Swaziland,civilian,0
46,Kimberly Clark,British Virgin Islands,civilian,0
47,Ruben Hernandez,Netherlands,civilian,0
48,Joel Martin,Ireland,civilian,0
49,Eric Gonzales,Samoa,civilian,0
50,Joshua Brown,Anguilla,civilian,0
51,Sarah Smith,Libyan Arab Jamahiriya,civilian,0
52,Dawn Smith,Marshall Islands,civilian,0
53,Diane West,Rwanda,civilian,0
54,Jessica Sanchez,Bermuda,civilian,0
55,Jeffrey Humphrey,Kuwait,civilian,0
56,Christy Ruiz,Gabon,civilian,0
57,Jennifer Tyler,Nigeria,civilian,0
58,Richard Townsend,Albania,civilian,0
59,Emily Brown,Jersey,civilian,0
60,Ryan Torres,Slovenia,civilian,0
61,Tiffany Kelly,Oman,civilian,0
62,Kimberly Patrick,Uruguay,civilian,0
63,Raymond Medina,Martinique,civilian,0
64,Jeffrey Perez,Saint Kitts and Nevis,civilian,0
65,Timothy Christensen,Taiwan,civilian,0
66,Michael Hill,Saint Lucia,civilian,0
67,Paul Coleman,Sierra Leone,civilian,0
68,Roberto Fletcher,Solomon Islands,civilian,0
69,Veronica Mcknight,Namibia,civilian,0
70,Tyler Miranda,Anguilla,civilian,0
71,David Wilson,Kyrgyz Republic,civilian,0
72,Diana Keith,Chad,civilian,0
73,Brian Montes,Palau,civilian,0
74,Brett Norman,Tunisia,civilian,0
75,Keith Johnson,Peru,civilian,0
76,Tony Adams,Turkmenistan,civilian,0
77,John Johnson,Niue,civilian,0
78,Wanda Fuller,Guernsey,civilian,0
79,Andrea Jackson,Barbados,civilian,0
80,Kayla Martin,Samoa,civilian,0
81,William Smith,Vietnam,civilian,0
82,Dr. Brian Klein,Rwanda,civilian,0
83,Stephanie Pearson,Mayotte,civilian,0
84,Kenneth Murphy,Korea,civilian,0
85,Terry Allen,Ecuador,civilian,0
86,Beverly Taylor,Liberia,civilian,0
87,Carlos Gilbert,Russian Federation,civilian,0
88,Terry Ward,Pakistan,civilian,0
89,Caitlyn Morris,Lithuania,civilian,0
90,Erica Bowman,Palau,civilian,0
91,Sarah Bowman MD,Honduras,civilian,0
92,Paige Price,Northern Mariana Islands,civilian,0
93,Katherine Soto,Gabon,civilian,0
94,Tonya Aguilar,Morocco,civilian,0
95,Joseph Smith,Oman,civilian,0
96,Karina Blanchard,Luxembourg,civilian,0
97,Alyssa Harper,New Zealand,civilian,0
98,Marie Ward,Lesotho,civilian,0
99,Jessica Haas,Niger,civilian,0
100,Jason Reyes,Honduras,civilian,0
101,Ashley Ryan,Mali,civilian,0
102,Shawna Velez,Svalbard & Jan Mayen Islands,civilian,0
103,Jermaine Bruce,Saint Vincent and the Grenadines,civilian,0
104,Brandon Miller,North Macedonia,civilian,0
105,Donna Lawrence,Estonia,civilian,0
106,Lisa Brooks,Trinidad and Tobago,civilian,0
107,Andrew Tran,India,civilian,0
108,Robert Phillips,Morocco,civilian,0
109,Michael Scott,Dominica,civilian,0
110,Hannah Ortega,New Caledonia,civilian,0
111,Julia Pace,Kenya,civilian,0
112,Ashley Long,Greece,civilian,0
113,Susan Ford,Gibraltar,civilian,0
114,Brad Nelson,Myanmar,civilian,0
115,Nathan Olson,Anguilla,civilian,0
116,Richard Bell,Solomon Islands,civilian,0
117,Annette Cannon,Iraq,civilian,0
118,Angela Huffman,Luxembourg,civilian,0
119,Kenneth Duncan,United States Minor Outlying Islands,civilian,0
120,Daniel Zimmerman,Israel,civilian,0
121,Christopher Kirk,Saint Kitts and Nevis,civilian,0
122,Diana Jones,Jordan,civilian,0
123,Joshua Douglas,Libyan Arab Jamahiriya,civilian,0
124,Margaret Rodriguez,Dominican Republic,civilian,0
125,Barry Jones,Luxembourg,civilian,0
126,Raymond Bailey,Isle of Man,civilian,0
127,Raven Brown,Haiti,civilian,0
128,Jeffrey Thornton,Lithuania,civilian,0
129,Jessica Smith,Lithuania,civilian,0
130,Curtis Lopez,Ireland,civilian,0
131,Jacob Chen,Sierra Leone,civilian,0
132,Sara Roth,Wallis and Futuna,civilian,0
133,Anthony Hunt,Iraq,civilian,0
134,Jason Mitchell,Andorra,civilian,0
135,David Abbott,Saint Barthelemy,civilian,0
136,Michael Jones,Bahrain,civilian,0
137,Jennifer Atkinson,Kuwait,civilian,0
138,Cameron Calhoun,Lao People's Democratic Republic,civilian,0
139,Laura Miller,Saint Martin,civilian,0
140,Paula Rivera,Turks and Caicos Islands,civilian,0
141,Robert Williams,Antigua and Barbuda,civilian,0
142,Maria Owen,Paraguay,civilian,0
143,Cynthia Martin,Northern Mariana Islands,civilian,0
144,Patrick Young,Suriname,civilian,0
145,Albert Rubio,Montenegro,civilian,0
146,Steven Franco,Qatar,civilian,0
147,Dwayne Valentine,Kenya,civilian,0
148,Edward Bray,North Macedonia,civilian,0
149,Lee Gonzalez,Vietnam,civilian,0
150,Kelly Murphy,Bouvet Island (Bouvetoya),civilian,0
151,Candace Sanchez,Japan,civilian,0
152,Nicholas Howell,British Indian Ocean Territory (Chagos Archipelago),civilian,0
153,Patrick White,Hungary,civilian,0
154,William Lyons,Panama,civilian,0
155,Tim Wade,Qatar,civilian,0
156,Robert Brown,Saint Vincent and the Grenadines,civilian,0
157,Holly Cummings,Myanmar,civilian,0
158,Michelle Huerta,Portugal,civilian,0
159,Jacob Moore,Bouvet Island (Bouvetoya),civilian,0
160,Alexander Foster,Grenada,civilian,0
161,Lisa Lawson,Guam,civilian,0
162,Victor Archer,Uzbekistan,civilian,0
163,Chris Gonzales,Mayotte,civilian,0
164,Nicholas Johnson,Kiribati,civilian,0
165,Tammy Payne,Namibia,civilian,0
166,William Mcclure,Germany,civilian,0
167,Patrick Becker,Papua New Guinea,civilian,0
168,Julie Thomas,British Virgin Islands,civilian,0
169,Erin Kline,Falkland Islands (Malvinas),civilian,0
170,Ryan Patrick,Morocco,civilian,0
171,Jeffrey Bailey,Iraq,civilian,0
172,Cheryl Hammond,Chile,civilian,0
173,John Vance,Cameroon,civilian,0
174,Manuel Hunt,Faroe Islands,civilian,0
175,Brian Nelson,Brazil,civilian,0
176,Jason Thornton,French Polynesia,civilian,0
177,Michelle Buck,French Guiana,civilian,0
178,Lawrence Brown,Haiti,civilian,0
179,Jennifer Richards,Samoa,civilian,0
180,Elizabeth Anderson,Nepal,civilian,0
181,Amanda Ferguson,Liechtenstein,civilian,0
182,Renee Stewart,Luxembourg,civilian,0
183,Austin Molina,United Arab Emirates,civilian,0
184,Alexander Smith,Thailand,civilian,0
185,Lynn White,North Macedonia,civilian,0
186,Mrs. Kelsey Gates,Swaziland,civilian,0
187,Benjamin Cabrera,India,civilian,0
188,Heather Dixon,Saint Helena,civilian,0
189,Carol Boone,Ethiopia,civilian,0
190,Stephanie Hansen,Iceland,civilian,0
191,Edward Rodriguez,Tonga,civilian,0
192,Nicholas Huff,Honduras,civilian,0
193,Amanda Lewis,Argentina,civilian,0
194,Jimmy Rivera,Kiribati,civilian,0
195,Kevin Perkins,Saint Barthelemy,civilian,0
196,Christine Taylor,Bangladesh,civilian,0
197,Mark Richardson,Hungary,civilian,0
198,Mark Garcia,Taiwan,civilian,0
199,Tiffany Wiggins,Bahamas,civilian,0
200,John Stout,Tokelau,civilian,0
201,Jessica Sherman,Heard Island and McDonald Islands,civilian,0
202,Brian Chavez,Micronesia,civilian,0
203,Michelle Pitts,Palau,civilian,0
204,Luis Kidd,Lesotho,civilian,0
205,Ryan Smith,Malawi,civilian,0
206,Jimmy Johnston,Somalia,civilian,0
207,Jerome Phillips,Egypt,civilian,0
208,Lisa Martin,Ethiopia,civilian,0
209,Jennifer Miller,Saint Lucia,civilian,0
210,Heidi Cox,Hong Kong,civilian,0
211,Christopher Fischer,Korea,civilian,0
212,Donna Graves,Norway,civilian,0
213,John Smith,Comoros,civilian,0
214,Taylor Choi,Singapore,civilian,0
215,Mason Morales,Montenegro,civilian,0
216,Valerie Simmons,Monaco,civilian,0
217,Brad Smith,Lesotho,civilian,0
218,Jessica Rodriguez,Norfolk Island,civilian,0
219,Brenda Williams,Armenia,civilian,0
220,Carmen Armstrong,Svalbard & Jan Mayen Islands,civilian,0
221,Janice Yang,Sri Lanka,civilian,0
222,Adrian Norris,Kiribati,civilian,0
223,Lauren Conner,Cameroon,civilian,0
224,Albert Jimenez,Tokelau,civilian,0
225,Alexandra Mcknight,Aruba,civilian,0
226,Evan Lopez,South Africa,civilian,0
227,Tracy Turner,Yemen,civilian,0
228,Sherri Bowers,Falkland Islands (Malvinas),civilian,0
229,Timothy Lopez,Cote d'Ivoire,civilian,0
230,Stephanie Guerra,Gibraltar,civilian,0
231,Christian Lam,Iraq,civilian,0
232,Brooke Burns,Japan,civilian,0
233,John Ramirez,Libyan Arab Jamahiriya,civilian,0
234,Jill Alvarez,Saint Pierre and Miquelon,civilian,0
235,Hannah Burgess,Vietnam,civilian,0
236,Jason Lewis,Anguilla,civilian,0
237,Charles Pierce,New Zealand,civilian,0
238,Joseph Brown,Timor-Leste,civilian,0
239,Lisa Mayo,United States Minor Outlying Islands,civilian,0
240,Kristen Sanchez,Gambia,civilian,0
241,Lucas Washington,Kuwait,civilian,0
242,Mrs. Kelly Weaver,Tuvalu,civilian,0
243,Stacy Davis,Grenada,civilian,0
244,Stephanie Peterson,Belarus,civilian,0
245,Shannon Smith,Tanzania,civilian,0
246,Ashley Nixon,South Africa,civilian,0
247,Melissa Yates,Dominican Republic,civilian,0
248,Dustin Kelly,Lebanon,civilian,0
249,Ryan Thomas,Philippines,civilian,0
250,Tammy Kennedy,Afghanistan,civilian,0
251,Susan Green,Maldives,civilian,0
252,Tanya Goodman,Samoa,civilian,0
253,Rodney Garcia,Anguilla,civilian,0
254,Robin Norton,Panama,civilian,0
255,Andrea Andrews,Belgium,civilian,0
256,Mary Walker,San Marino,civilian,0
257,Johnny Hernandez,India,civilian,0
258,Cassandra Noble,Uruguay,civilian,0
259,Alec Williams,Costa Rica,civilian,0
260,Eric Crane,Greenland,civilian,0
261,Pamela Knight,Myanmar,civilian,0
262,Heather Torres,Seychelles,civilian,0
263,William Avila,Sierra Leone,civilian,0
264,Kathleen Curry,Gambia,civilian,0
265,Jesse Robinson,Senegal,civilian,0
266,Dr. Frank Perkins,Grenada,civilian,0
267,Cody Harris,Mauritania,civilian,0
268,Jill Wheeler,French Guiana,civilian,0
269,Christopher Calhoun,Saint Barthelemy,civilian,0
270,Andrew Jenkins,Maldives,civilian,0
271,William Melton,Moldova,civilian,0
272,David Nelson,Zambia,civilian,0
273,Joseph Hall,Malta,civilian,0
274,Caleb Campbell,Spain,civilian,0
275,Robin Rangel,Moldova,civilian,0
276,Taylor Choi,Afghanistan,civilian,0
277,Scott Tran,Angola,civilian,0
278,Olivia Bernard,Spain,civilian,0
279,Mrs. Jessica Smith,China,civilian,0
280,Beverly Henry,Austria,civilian,0
281,Erin Short,Saint Vincent and the Grenadines,civilian,0
282,Kaylee Brooks,Korea,civilian,0
283,Roger Higgins,Slovenia,civilian,0
284,Lawrence Ferguson,Falkland Islands (Malvinas),civilian,0
285,Robert Bright,Saint Kitts and Nevis,civilian,0
286,Thomas Fisher,Iraq,civilian,0
287,Janet Hernandez,Burundi,civilian,0
288,Isaac Case,Guadeloupe,civilian,0
289,Jane Salinas,Ireland,civilian,0
290,Jacob Christensen,Comoros,civilian,0
291,Mr. Ronald Hall,Argentina,civilian,0
292,Donna Martinez,Holy See (Vatican City State),civilian,0
293,Timothy Graves,Samoa,civilian,0
294,Patrick Mathews,Equatorial Guinea,civilian,0
295,Sandra White,Saint Lucia,civilian,0
296,Paul Phillips,Guinea,civilian,0
297,Derek Robinson,Martinique,civilian,0
298,Shawn Reid,Palau,civilian,0
299,Terrance Stark,Moldova,civilian,0
300,Jay Humphrey,Yemen,civilian,0
301,Sharon Bradley,Namibia,civilian,0
302,Mark Orozco,Wallis and Futuna,civilian,0
303,Kenneth Walters,Cyprus,civilian,0
304,Bill Arroyo,Korea,civilian,0
305,Edwin Chapman,Lithuania,civilian,0
306,Karen Weaver,Martinique,civilian,0
307,Timothy Gardner,Thailand,civilian,0
308,Johnny Smith,Ghana,civilian,0
309,Danielle Wise,Vanuatu,civilian,0
310,Gary Matthews,Australia,civilian,0
311,April Johnston,Saint Pierre and Miquelon,civilian,0
312,Brandon Frank,Cocos (Keeling) Islands,civilian,0
313,Nathan Stephenson,Brunei Darussalam,civilian,0
314,Clayton Moore,Cayman Islands,civilian,0
315,Jackson Hampton,Samoa,civilian,0
316,Angel Brooks,Palau,civilian,0
317,April Andrews,Croatia,civilian,0
318,Leah Mitchell,South Georgia and the South Sandwich Islands,civilian,0
319,Adam Brown,South Africa,civilian,0
320,Lindsey Perez,Gambia,civilian,0
321,Sandra Jimenez,Uruguay,civilian,0
322,Matthew Gonzalez,Brunei Darussalam,civilian,0
323,Vicki Long,Yemen,civilian,0
324,Samantha Berg,Lebanon,civilian,0
325,Molly Gonzalez,India,civilian,0
326,Robert Hale,Estonia,civilian,0
327,Monica Stewart,Lao People's Democratic Republic,civilian,0
328,Cathy Lynch,Wallis and Futuna,civilian,0
329,Eric Smith,Tanzania,civilian,0
330,Ashley Murray,Guyana,civilian,0
331,Jessica Robertson,Tunisia,civilian,0
332,Ralph Burton,Czech Republic,civilian,0
333,Ashley Vasquez,Micronesia,civilian,0
334,John Saunders,Lesotho,civilian,0
335,Kimberly Hardin,Qatar,civilian,0
336,Jason Klein,Niue,civilian,0
337,Amber Mcfarland,Iceland,civilian,0
338,Heather Larson,Jamaica,civilian,0
339,Jonathan Pierce,Bolivia,civilian,0
340,Andrew Reed,Gibraltar,civilian,0
341,Linda Lee,Micronesia,civilian,0
342,Ms. Sara Patel,Libyan Arab Jamahiriya,civilian,0
343,Brenda Garcia,Gabon,civilian,0
344,Sarah Hamilton,South Georgia and the South Sandwich Islands,civilian,0
345,Corey Mcintyre,Niue,civilian,0
346,Cody Johnson,Nepal,civilian,0
347,Suzanne Carter,Cyprus,civilian,0
348,Laurie Scott,Cyprus,civilian,0
349,Nicole Hughes,Grenada,civilian,0
350,Jeffrey Russell,Martinique,civilian,0
351,Diamond Hunter,Turkmenistan,civilian,0
352,Raymond Jenkins,Iran,civilian,0
353,Corey Griffith,Ecuador,civilian,0
354,Ryan Richardson,Spain,civilian,0
355,Cindy Murphy,Hungary,civilian,0
356,Christine Ferguson,Marshall Islands,civilian,0
357,Nicholas Morris,Marshall Islands,civilian,0
358,Jennifer Gilbert,China,civilian,0
359,Bryan Downs,Tonga,civilian,0
360,Carlos West,Montserrat,civilian,0
361,William Ortiz,Guernsey,civilian,0
362,Jean Turner DVM,Italy,civilian,0
363,Maurice Lang,Kazakhstan,civilian,0
364,David Jones,Somalia,civilian,0
365,Timothy Powell,Antarctica (the territory South of 60 deg S),civilian,0
366,Todd Merritt,Costa Rica,civilian,0
367,Kristina Jackson,Egypt,civilian,0
368,Kurt Williams,Portugal,civilian,0
369,Elizabeth Taylor,Antarctica (the territory South of 60 deg S),civilian,0
370,Carl Mason,Uganda,civilian,0
371,Barbara Rush,Madagascar,civilian,0
372,Heidi Hatfield,Nepal,civilian,0
373,Michael Dawson,Benin,civilian,0
374,Gabriella Murillo,Serbia,civilian,0
375,John Finley,Cape Verde,civilian,0
376,Sean Holmes,Ecuador,civilian,0
377,Wendy Beck,Tonga,civilian,0
378,Johnny Reid,Turks and Caicos Islands,civilian,0
379,Erica Washington,Japan,civilian,0
380,Michael Gonzalez,Saint Martin,civilian,0
381,Sean Clark,Bulgaria,civilian,0
382,Benjamin Clark,Cote d'Ivoire,civilian,0
383,Johnathan Sellers,Bhutan,civilian,0
384,Samantha Foster,Seychelles,civilian,0
385,Bonnie Blair,Saint Vincent and the Grenadines,civilian,0
386,Ryan Smith,Niger,civilian,0
387,Corey Williams,Senegal,civilian,0
388,Justin Hoover,Micronesia,civilian,0
389,Anthony Todd,Montserrat,civilian,0
390,Janice Silva,Malta,civilian,0
391,Alyssa Dillon,Jersey,civilian,0
392,Nicole Jacobs,Australia,civilian,0
393,Katherine Kemp,Congo,civilian,0
394,Edward Bishop,Turkmenistan,civilian,0
395,Christopher Shaw,Norfolk Island,civilian,0
396,Shari Harris,Tunisia,civilian,0
397,Christopher Johnson,Svalbard & Jan Mayen Islands,civilian,0
398,Alexis Powell,Bulgaria,civilian,0
399,Jason Murray,Jamaica,civilian,0
400,Steven Carter,Faroe Islands,civilian,0
401,Daniel Mclaughlin,Kazakhstan,civilian,0
402,Joel Green,Ghana,civilian,0
403,Tonya Hawkins,Congo,civilian,0
404,Phyllis Williams,Albania,civilian,0
405,Nathan Clements,Togo,civilian,0
406,Eric Hampton,Armenia,civilian,0
407,James Kennedy,Bhutan,civilian,0
408,Daniel Davis,Equatorial Guinea,civilian,0
409,Robert Phillips,Estonia,civilian,0
410,Noah Bowman,Palau,civilian,0
411,Kelsey Malone,Myanmar,civilian,0
412,Rebecca Mendoza,Nigeria,civilian,0
413,John Steele,Micronesia,civilian,0
414,Susan Gaines,Jamaica,civilian,0
415,Norma Simon,Falkland Islands (Malvinas),civilian,0
416,Jeffrey Shelton,Senegal,civilian,0
417,Sara Lowe,New Zealand,civilian,0
418,David Mitchell,Croatia,civilian,0
419,Jennifer Gibson,Italy,civilian,0
420,Benjamin Stevenson,Aruba,civilian,0
421,Martha Medina,Liberia,civilian,0
422,Marc Weeks,Mayotte,civilian,0
423,Kevin Perez,Moldova,civilian,0
424,Lindsay Hampton,Slovenia,civilian,0
425,Nancy Sanford,Kiribati,civilian,0
426,Robin Herman,Ethiopia,civilian,0
427,Kathleen Friedman,Heard Island and McDonald Islands,civilian,0
428,Benjamin Carter,Chad,civilian,0
429,Nicole Potter,Burundi,civilian,0
430,Barbara Robertson,Madagascar,civilian,0
431,Diana Chavez,Gibraltar,civilian,0
432,Peggy Clark,El Salvador,civilian,0
433,Alexander Davis,Serbia,civilian,0
434,Sean Ibarra,Benin,civilian,0
435,Amber Fowler,Samoa,civilian,0
436,Eric Taylor MD,Iraq,civilian,0
437,Kelsey Walsh,Montenegro,civilian,0
438,Kenneth Boyd,Albania,civilian,0
439,Kevin Wilson,Nicaragua,civilian,0
440,Carolyn Austin DDS,El Salvador,civilian,0
441,Kevin Cook,Singapore,civilian,0
442,Joseph Watson,Croatia,civilian,0
443,Stacy Meza,Falkland Islands (Malvinas),civilian,0
444,Joshua Doyle,Gibraltar,civilian,0
445,Phillip Randolph,Tajikistan,civilian,0
446,Edwin Roberts,Holy See (Vatican City State),civilian,0
447,Travis Harper,Sweden,civilian,0
448,Amber Hart,Philippines,civilian,0
449,Lauren Bryant,Tunisia,civilian,0
450,Jason Jones,Moldova,civilian,0
451,John Gutierrez,French Southern Territories,civilian,0
452,Thomas Schroeder,Belize,civilian,0
453,Michael Medina,United States of America,civilian,0
454,Debra Rosario,Cambodia,civilian,0
455,Robert Stevens,Lebanon,civilian,0
456,Brian Wyatt,Maldives,civilian,0
457,Ms. Lisa Oliver DDS,Burkina Faso,civilian,0
458,Susan Carter,Western Sahara,civilian,0
459,Garrett Wilcox,United States Virgin Islands,civilian,0
460,Steven Weber,Suriname,civilian,0
461,William Anderson,Nicaragua,civilian,0
462,Brian Cox,Malta,civilian,0
463,Kara Davis,Philippines,civilian,0
464,Ashley Ray,Syrian Arab Republic,civilian,0
465,James Fleming,Kenya,civilian,0
466,Alyssa Williams,Austria,civilian,0
467,Dennis Robles,Bosnia and Herzegovina,civilian,0
468,Denise Cole,Bolivia,civilian,0
469,Anna Morgan,Cocos (Keeling) Islands,civilian,0
470,Jason Romero,Liberia,civilian,0
471,Megan Higgins,Indonesia,civilian,0
472,Kathryn Allen,Guernsey,civilian,0
473,Audrey Pierce,British Virgin Islands,civilian,0
474,Shelley Drake,Austria,civilian,0
475,Destiny Edwards,Timor-Leste,civilian,0
476,Paula Cole,Russian Federation,civilian,0
477,Amanda Bean,Panama,civilian,0
478,Gina Ochoa,Turks and Caicos Islands,civilian,0
479,Betty Miller,Czech Republic,civilian,0
480,Jack Harris,Palau,civilian,0
481,Kristin Freeman,Guadeloupe,civilian,0
482,Danielle Flores,Belize,civilian,0
483,Michael Doyle,Senegal,civilian,0
484,Shannon Zimmerman,Aruba,civilian,0
485,Jason Hurley,Ecuador,civilian,0
486,Danielle Russell,Italy,civilian,0
487,Rebecca Melendez,Poland,civilian,0
488,Amanda King,Thailand,civilian,0
489,Ryan Riley,Botswana,civilian,0
490,Kevin Murray,Isle of Man,civilian,0
491,Jennifer Williams,Australia,civilian,0
492,Samantha Nelson,Guatemala,civilian,0
493,Patrick Hall,United Arab Emirates,civilian,0
494,Kathleen Welch,Lebanon,civilian,0
495,James Hunt,Saint Martin,civilian,0
496,Kathryn Smith,Taiwan,civilian,0
497,Rhonda Cunningham,Comoros,civilian,0
498,Michael Hernandez,New Caledonia,civilian,0
499,Catherine Richards,Iraq,civilian,0
500,Travis Ford,Taiwan,civilian,0
501,Katie Singleton,Yemen,civilian,0
502,Jaime Martinez,Bosnia and Herzegovina,civilian,0
503,Terri Stewart,Mongolia,civilian,0
504,Michael Potter,Vietnam,civilian,0
505,Oscar Kim MD,Mozambique,civilian,0
506,Katherine Young,Mali,civilian,0
507,Amber Chavez,Colombia,civilian,0
508,Ashley Gonzalez,India,civilian,0
509,Wesley Davis,Tuvalu,civilian,0
510,Hannah Smith,Somalia,civilian,0
511,Ryan Nelson,Saint Pierre and Miquelon,civilian,0
512,Christopher Graham,Germany,civilian,0
513,Elizabeth Doyle,Cocos (Keeling) Islands,civilian,0
514,John Cohen,Central African Republic,civilian,0
515,Dr. Jesus Jones MD,Romania,civilian,0
516,James Anderson,Romania,civilian,0
517,James Hernandez,Tonga,civilian,0
518,Gary Hughes,Saint Martin,civilian,0
519,Ashley Decker,Taiwan,civilian,0
520,Sheila Rangel,Sudan,civilian,0
521,Susan Cuevas,Aruba,civilian,0
522,Sandra Martinez,Venezuela,civilian,0
523,Rhonda Tucker,Trinidad and Tobago,civilian,0
524,Sydney Richard,Switzerland,civilian,0
525,Jessica Estrada,Seychelles,civilian,0
526,Katie Callahan,Macao,civilian,0
527,Amanda Allen,Brunei Darussalam,civilian,0
528,Shannon Johnson,Malta,civilian,0
529,Zachary Armstrong,Afghanistan,civilian,0
530,Robert Beltran,Armenia,civilian,0
531,Andrew Powell,Papua New Guinea,civilian,0
532,Nicholas Riddle,Finland,civilian,0
533,Cheryl Sullivan,Oman,civilian,0
534,Mark Harris,Korea,civilian,0
535,Maria Austin,Honduras,civilian,0
536,Joe Caldwell,Saint Lucia,civilian,0
537,Marcus Cannon,Guatemala,civilian,0
538,Joseph Schultz,Denmark,civilian,0
539,Timothy Garcia,Finland,civilian,0
540,Ashley Farley,Honduras,civilian,0
541,Dawn Holmes,Chile,civilian,0
542,Tracy Huynh,Greece,civilian,0
543,Jason Santos,Central African Republic,civilian,0
544,David Ramsey,Cayman Islands,civilian,0
545,Kaitlin Ponce,India,civilian,0
546,Jacob Rose,Turks and Caicos Islands,civilian,0
547,Amy Wright,Myanmar,civilian,0
548,Richard Smith,Mali,civilian,0
549,Molly Rivera,Western Sahara,civilian,0
550,Eric Davis,Mexico,civilian,0
551,Keith Stephenson,Egypt,civilian,0
552,Nicole Frazier,Guinea,civilian,0
553,Crystal Benjamin,Iran,civilian,0
554,Brittany Thompson,Panama,civilian,0
555,Marcus Owens,Macao,civilian,0
556,Sarah Myers,Mozambique,civilian,0
557,James Donovan,Nigeria,civilian,0
558,Amanda Owens,Djibouti,civilian,0
559,Barry Coleman,Hong Kong,civilian,0
560,Erin Smith,Yemen,civilian,0
561,Danielle Fuller,Micronesia,civilian,0
562,Theresa Hahn,Togo,civilian,0
563,Cameron Brown,Timor-Leste,civilian,0
564,Ashlee Williams,Estonia,civilian,0
565,Dylan Welch,Turkey,civilian,0
566,Dawn Hernandez,Ireland,civilian,0
567,Tammy Adams,Pitcairn Islands,civilian,0
568,Stephen Costa,Austria,civilian,0
569,Kelli Kennedy,Korea,civilian,0
570,Jennifer Anderson,Antarctica (the territory South of 60 deg S),civilian,0
571,Lauren Price,Northern Mariana Islands,civilian,0
572,Natalie Walker,Switzerland,civilian,0
573,Lisa Moss,Jamaica,civilian,0
574,Jason Payne,Libyan Arab Jamahiriya,civilian,0
575,Dr. Michael Jones,Turkey,civilian,0
576,Cameron Roth DVM,Pakistan,civilian,0
577,Terri Evans,Germany,civilian,0
578,Laura Lang,Cook Islands,civilian,0
579,Sandra Jones,Cape Verde,civilian,0
580,Amanda Diaz,Antarctica (the territory South of 60 deg S),civilian,0
581,Ashley Wright,Afghanistan,civilian,0
582,Antonio Church,Montenegro,civilian,0
583,Jenna Dixon MD,Vietnam,civilian,0
584,Mr. Paul Perez Jr.,Bulgaria,civilian,0
585,Carolyn Gates,Hong Kong,civilian,0
586,Brittany Cain DDS,Paraguay,civilian,0
587,Jamie Coffey,Nepal,civilian,0
588,Jordan Ingram,Isle of Man,civilian,0
589,Matthew Fisher,Bouvet Island (Bouvetoya),civilian,0
590,Joshua Ali,Cape Verde,civilian,0
591,Christina Carpenter,Cambodia,civilian,0
592,William Spencer,Malta,civilian,0
593,Christine Young,Martinique,civilian,0
594,Jennifer Chapman,Jordan,civilian,0
595,Alison Lopez,Saint Helena,civilian,0
596,Brittany Moore,Somalia,civilian,0
597,Anthony Reed,Mali,civilian,0
598,Teresa Blackwell,Central African Republic,civilian,0
599,Allen Jacobson,Burkina Faso,civilian,0
600,Karla Hill,Afghanistan,civilian,0
601,Deborah Miles,Estonia,civilian,0
602,Brooke Myers,Puerto Rico,civilian,0
603,Bethany Powers,Argentina,civilian,0
604,Stephen Dalton,Yemen,civilian,0
605,James Ferguson,Bahrain,civilian,0
606,Kimberly Hall,Germany,civilian,0
607,Chelsea Herrera,Romania,civilian,0
608,James Vasquez,Serbia,civilian,0
609,Michelle Becker,Montenegro,civilian,0
610,Rodney Taylor,Bolivia,civilian,0
611,Julie Scott,Papua New Guinea,civilian,0
612,Jaime Gomez MD,Monaco,civilian,0
613,Rachel Jones,Cocos (Keeling) Islands,civilian,0
614,Lorraine Smith,Samoa,civilian,0
615,Crystal Osborn,United States Minor Outlying Islands,civilian,0
616,Jonathan Bell,Bangladesh,civilian,0
617,Heidi Nelson,Madagascar,civilian,0
618,Judy Schroeder,Congo,civilian,0
619,Kimberly Schmidt,Croatia,civilian,0
620,Kelly Ferguson,Azerbaijan,civilian,0
621,Kimberly Brown,Oman,civilian,0
622,Jeff Lee,New Zealand,civilian,0
623,David Reynolds,Heard Island and McDonald Islands,civilian,0
624,Matthew Erickson,Montenegro,civilian,0
625,Nicholas Stewart,Mayotte,civilian,0
626,Lisa Blackwell,Chile,civilian,0
627,Sandra Kelley,South Georgia and the South Sandwich Islands,civilian,0
628,Micheal Craig,Somalia,civilian,0
629,Rebecca Pineda DDS,Switzerland,civilian,0
630,Cynthia Townsend,Lebanon,civilian,0
631,Timothy Bell,Dominica,civilian,0
632,Crystal Mcgee,Colombia,civilian,0
633,Amanda Collins,Thailand,civilian,0
634,Alicia Smith,Iceland,civilian,0
635,Erica Burns,Trinidad and Tobago,civilian,0
636,Jennifer Cain,Saint Kitts and Nevis,civilian,0
637,Dennis Michael,Uganda,civilian,0
638,Lindsay Jenkins,Tonga,civilian,0
639,Whitney Obrien,Netherlands,civilian,0
640,Dylan Hernandez,Jordan,civilian,0
641,James Perkins,Sao Tome and Principe,civilian,0
642,Tracy Patterson,Saint Barthelemy,civilian,0
643,Taylor Garcia,French Polynesia,civilian,0
644,Jennifer Oconnor,Ukraine,civilian,0
645,Adam James,Guadeloupe,civilian,0
646,John Brown,Namibia,civilian,0
647,Catherine Powers,Sierra Leone,civilian,0
648,Eric Rangel,British Indian Ocean Territory (Chagos Archipelago),civilian,0
649,Laurie Nichols,French Polynesia,civilian,0
650,Sean Rangel,Greece,civilian,0
651,Nicole Howard,Palestinian Territory,civilian,0
652,Patrick Saunders,Ukraine,civilian,0
653,James Mann,Congo,civilian,0
654,Kathleen Reese,Cape Verde,civilian,0
655,Courtney Nichols,Togo,civilian,0
656,Julian Jones,Chile,civilian,0
657,Amber Webb,Christmas Island,civilian,0
658,Jessica Brooks,Peru,civilian,0
659,Amy Lawrence,Montserrat,civilian,0
660,Lance Barber,Botswana,civilian,0
661,Carl Roberts,Martinique,civilian,0
662,Kelly Simmons,Saint Lucia,civilian,0
663,James Powers,Guadeloupe,civilian,0
664,Noah Brown,Congo,civilian,0
665,Nathan Torres,Bouvet Island (Bouvetoya),civilian,0
666,Donald Brady,Germany,civilian,0
667,Adam Faulkner,Trinidad and Tobago,civilian,0
668,Amanda Martin MD,Senegal,civilian,0
669,Rebecca Morales,Sao Tome and Principe,civilian,0
670,Christopher Smith,Isle of Man,civilian,0
671,Kimberly Baker,Cyprus,civilian,0
672,Jennifer Roberts,Pitcairn Islands,civilian,0
673,Curtis Marshall,Malta,civilian,0
674,Joseph Harding,Netherlands Antilles,civilian,0
675,Daniel Smith,Nicaragua,civilian,0
676,Lisa Hogan,Afghanistan,civilian,0
677,Elizabeth Moran,Morocco,civilian,0
678,Breanna Young,Guam,civilian,0
679,Natasha Camacho,Mauritania,civilian,0
680,Melissa Rowe,Estonia,civilian,0
681,Sheri Freeman,Wallis and Futuna,civilian,0
682,Cynthia Grimes,New Zealand,civilian,0
683,Tyler Ross,Lebanon,civilian,0
684,Amanda Johnson,Dominica,civilian,0
685,Kimberly Young,Comoros,civilian,0
686,Christopher Vargas,Argentina,civilian,0
687,Shannon Hernandez,Seychelles,civilian,0
688,Jennifer Adams,Mali,civilian,0
689,Ryan Mitchell,Wallis and Futuna,civilian,0
690,Adam Peters,Palau,civilian,0
691,Tony Oconnor,Ireland,civilian,0
692,Johnathan Carter Jr.,Italy,civilian,0
693,Isaiah Miller,Uganda,civilian,0
694,Isaac Brown,Northern Mariana Islands,civilian,0
695,Katherine Holden,Djibouti,civilian,0
696,Ashley James,South Georgia and the South Sandwich Islands,civilian,0
697,Kristen Estrada,Guinea,civilian,0
698,Laura Camacho,Andorra,civilian,0
699,Jeffery Wallace,United States of America,civilian,0
700,Amy Henry,Cocos (Keeling) Islands,civilian,0
701,Thomas Collins,Saint Lucia,civilian,0
702,Seth Jones,Serbia,civilian,0
703,Adrian Ayala,Suriname,civilian,0
704,Richard Bailey,Dominica,civilian,0
705,Juan Miller,Dominica,civilian,0
706,Mrs. Tanya Porter,Tokelau,civilian,0
707,Juan Brown,Tanzania,civilian,0
708,Anthony Donovan,New Zealand,civilian,0
709,Philip Navarro,Andorra,civilian,0
710,William Ramirez,Serbia,civilian,0
711,Zachary Hernandez,Togo,civilian,0
712,Patricia Sawyer,France,civilian,0
713,Mark Conway,Bouvet Island (Bouvetoya),civilian,0
714,Mr. Jason Williams,Peru,civilian,0
715,Troy Mejia,Gabon,civilian,0
716,Kayla Dixon,Monaco,civilian,0
717,Henry Griffith,Zambia,civilian,0
718,Judith Vargas,Bouvet Island (Bouvetoya),civilian,0
719,Amber Carrillo,Canada,civilian,0
720,Adam Heath,Kiribati,civilian,0
721,April Scott,Bhutan,civilian,0
722,Jeffrey Thompson,United Kingdom,civilian,0
723,Lisa Rose,Lithuania,civilian,0
724,Jennifer Smith,Cuba,civilian,0
725,Hannah Jensen,Saint Lucia,civilian,0
726,Rachel Ward,Qatar,civilian,0
727,Charles Garcia,Liberia,civilian,0
728,Amy Baker,Uzbekistan,civilian,0
729,Carolyn Sullivan,Mali,civilian,0
730,Sylvia Blake,Norway,civilian,0
731,Taylor Newman,Luxembourg,civilian,0
732,Yvette Grant,Korea,civilian,0
733,Miss Cheryl Obrien DVM,Guam,civilian,0
734,Michael Morse,Cayman Islands,civilian,0
735,Kevin Smith,Thailand,civilian,0
736,Benjamin Garcia,Cook Islands,civilian,0
737,Brandon Franklin,Benin,civilian,0
738,Jennifer Rogers,Seychelles,civilian,0
739,Cody Gray,Libyan Arab Jamahiriya,civilian,0
740,Michaela Wells,Greenland,civilian,0
741,Mr. William Perez,Ghana,civilian,0
742,Stephanie Nguyen,Ghana,civilian,0
743,Daniel Martin,Guadeloupe,civilian,0
744,Carol Johnston,Belgium,civilian,0
745,Jerry Jackson,Somalia,civilian,0
746,Mary Mcfarland,Norfolk Island,civilian,0
747,Jesus James,Cote d'Ivoire,civilian,0
748,Tracey Chan,Grenada,civilian,0
749,Jesse Collins,Croatia,civilian,0
750,Karen Sherman,Vanuatu,civilian,0
751,Diana Brady,Tonga,civilian,0
752,Matthew Kent,United Kingdom,civilian,0
753,Donald Cox,Slovenia,civilian,0
754,Mackenzie Jimenez,Tuvalu,civilian,0
755,Katrina Sims,Peru,civilian,0
756,Hannah Weaver,South Georgia and the South Sandwich Islands,civilian,0
757,Teresa Jackson,Saudi Arabia,civilian,0
758,Jerry Kelly,Cote d'Ivoire,civilian,0
759,Marco Adams,Burundi,civilian,0
760,Troy Keith,Zambia,civilian,0
761,Albert Smith,French Guiana,civilian,0
762,Emily Conner,Grenada,civilian,0
763,Sandra Simmons,Guinea-Bissau,civilian,0
764,Todd Ward,Lithuania,civilian,0
765,Elizabeth Miller,Fiji,civilian,0
766,Katherine Silva,Tonga,civilian,0
767,Brooke Oneill,Namibia,civilian,0
768,Madison Davidson,Fiji,civilian,0
769,Lisa Lopez,Senegal,civilian,0
770,Amber Mercer,Cayman Islands,civilian,0
771,Toni Gilbert,Guatemala,civilian,0
772,Ian Goodwin,Mexico,civilian,0
773,Jeanette Pham,Central African Republic,civilian,0
774,Bruce Martinez,Equatorial Guinea,civilian,0
775,Damon Sullivan,Algeria,civilian,0
776,Sarah Hicks,Tonga,civilian,0
777,Tracy Wood,United Kingdom,civilian,0
778,Colin Martin,Italy,civilian,0
779,Sharon Ewing,Qatar,civilian,0
780,Amanda Jones,Cook Islands,civilian,0
781,Wyatt Williams,United States Minor Outlying Islands,civilian,0
782,David Mayer,Finland,civilian,0
783,Joseph Sutton,Micronesia,civilian,0
784,Kiara Griffin,Eritrea,civilian,0
785,Jeffery Taylor,Albania,civilian,0
786,Toni Cunningham,Mexico,civilian,0
787,Monica Lee,Namibia,civilian,0
788,Daniel Frazier,Saint Pierre and Miquelon,civilian,0
789,Gregory Kennedy,Nicaragua,civilian,0
790,Dan Valdez,Gibraltar,civilian,0
791,Devon Crawford,Cayman Islands,civilian,0
792,Anita Miller,Tunisia,civilian,0
793,Angela Jones,Ecuador,civilian,0
794,Amber Williams,Cayman Islands,civilian,0
795,Melissa Owen,Finland,civilian,0
796,Shannon Humphrey,Poland,civilian,0
797,Walter Lopez,Netherlands Antilles,civilian,0
798,Michael Sexton,Georgia,civilian,0
799,Justin Wilson,Sudan,civilian,0
800,Jessica Figueroa,Cyprus,civilian,0
801,Elizabeth Welch,Norway,civilian,0
802,Barbara Burns,Gabon,civilian,0
803,Mr. Todd Murillo,Philippines,civilian,0
804,Joel Williams,Sao Tome and Principe,civilian,0
805,Latoya Lawrence MD,South Africa,civilian,0
806,Donna Hanson,Bulgaria,civilian,0
807,Rita Burton,Senegal,civilian,0
808,Susan Murphy,Aruba,civilian,0
809,Brooke Weaver,Bahrain,civilian,0
810,Michelle Fitzpatrick,Iceland,civilian,0
811,Desiree Wood,Isle of Man,civilian,0
812,Taylor Li,Puerto Rico,civilian,0
813,Ronnie George,Finland,civilian,0
814,Terri Hunt,Togo,civilian,0
815,Cindy Davis,Solomon Islands,civilian,0
816,Carl Rogers,Micronesia,civilian,0
817,Brittany Jones,Eritrea,civilian,0
818,Barbara Kerr,Lao People's Democratic Republic,civilian,0
819,Douglas Bonilla,Isle of Man,civilian,0
820,Lisa Dillon,Estonia,civilian,0
821,Christopher Ford,Mauritius,civilian,0
822,Laura Bond,Holy See (Vatican City State),civilian,0
823,David Alvarez,Tanzania,civilian,0
824,Amy Haley,Ireland,civilian,0
825,Jared Bartlett,Kuwait,civilian,0
826,Robert Love,Russian Federation,civilian,0
827,Dawn Martinez,Anguilla,civilian,0
828,Anthony Williams,Egypt,civilian,0
829,Keith Garcia,Ethiopia,civilian,0
830,Glenda Suarez,Moldova,civilian,0
831,Steven Kidd,Switzerland,civilian,0
832,Derek Santana,Iran,civilian,0
833,Shelby Thompson,Saudi Arabia,civilian,0
834,Larry Hines,Burkina Faso,civilian,0
835,John Fowler,Cyprus,civilian,0
836,Jennifer Dodson,Switzerland,civilian,0
837,Yolanda Martinez,Palau,civilian,0
838,Mark Mccann,Costa Rica,civilian,0
839,Michaela Patel,Brazil,civilian,0
840,Lisa Santos,Bermuda,civilian,0
841,Debra Alvarez,French Southern Territories,civilian,0
842,Patricia Rivers,Bouvet Island (Bouvetoya),civilian,0
843,Kimberly Flores,United Kingdom,civilian,0
844,Erica Barry,Zambia,civilian,0
845,Kylie Lawrence,Estonia,civilian,0
846,David Fields,Samoa,civilian,0
847,Nancy Thomas,Somalia,civilian,0
848,Laura Williams,Afghanistan,civilian,0
849,Alec Davis,Romania,civilian,0
850,Jeremy Young,Canada,civilian,0
851,Tracy Jimenez,Macao,civilian,0
852,Victor Richards,Bolivia,civilian,0
853,Jacob Bridges,Netherlands,civilian,0
854,Edward Kelly,Cambodia,civilian,0
855,Thomas Robinson,Nauru,civilian,0
856,Brian Dixon,Somalia,civilian,0
857,Danielle Edwards,Czech Republic,civilian,0
858,Vanessa Taylor,Montserrat,civilian,0
859,Amy Gray,Liberia,civilian,0
860,Christopher Vasquez,Slovenia,civilian,0
861,Benjamin Hall,Bulgaria,civilian,0
862,Samuel Hardy,Singapore,civilian,0
863,Adam Williams,Armenia,civilian,0
864,Jennifer Francis,Rwanda,civilian,0
865,Heather Perez,Reunion,civilian,0
866,Shawn Hernandez,Spain,civilian,0
867,Jasmine Barron,Gabon,civilian,0
868,Lance Thompson,Algeria,civilian,0
869,Marissa Pearson,Benin,civilian,0
870,Kayla Cortez,Bosnia and Herzegovina,civilian,0
871,April Chen,Montserrat,civilian,0
872,Rachel Garcia,Central African Republic,civilian,0
873,Anthony White,Armenia,civilian,0
874,Melanie Campbell,Netherlands,civilian,0
875,Matthew George,Kazakhstan,civilian,0
876,Jonathan Owens,Chad,civilian,0
877,Monique Wright,Uruguay,civilian,0
878,Brenda Coleman,Gabon,civilian,0
879,Steven Butler,Austria,civilian,0
880,Terri Wright,Niue,civilian,0
881,Stacey Roberts MD,Libyan Arab Jamahiriya,civilian,0
882,Tracy White,Cocos (Keeling) Islands,civilian,0
883,Maria Brown,Puerto Rico,civilian,0
884,Thomas Gray,Tonga,civilian,0
885,Brittany Smith,Benin,civilian,0
886,Diana Hoffman,Netherlands,civilian,0
887,Paul Cardenas,Lebanon,civilian,0
888,Tyler Carlson,Panama,civilian,0
889,Carla Rowland,Maldives,civilian,0
890,William Sims,Thailand,civilian,0
891,Tina Barker,Armenia,civilian,0
892,Scott Sampson,Libyan Arab Jamahiriya,civilian,0
893,Stacy Graham,Gambia,civilian,0
894,James Drake,Belize,civilian,0
895,James Cole,Equatorial Guinea,civilian,0
896,Wayne Allen,Kazakhstan,civilian,0
897,Terrence Johnston,Cocos (Keeling) Islands,civilian,0
898,Charles Hernandez,Armenia,civilian,0
899,Shannon Robertson,Bulgaria,civilian,0
900,Julie Murphy,Argentina,civilian,0
901,Susan Sweeney MD,New Caledonia,civilian,0
902,Jordan Cook,Estonia,civilian,0
903,Patricia Giles,Djibouti,civilian,0
904,Jason Jones,Latvia,civilian,0
905,Mr. Christopher Hawkins,French Southern Territories,civilian,0
906,Richard Daniels,Turks and Caicos Islands,civilian,0
907,Melody Sims,Serbia,civilian,0
908,Ashley Miller,Estonia,civilian,0
909,Laurie Parks,Guam,civilian,0
910,Gregory Anderson,Kenya,civilian,0
911,Lance Todd,Bosnia and Herzegovina,civilian,0
912,Craig Wright,Holy See (Vatican City State),civilian,0
913,Daniel Harrington,Saint Barthelemy,civilian,0
914,Lindsay Swanson,Indonesia,civilian,0
915,Joanna Lee,Cocos (Keeling) Islands,civilian,0
916,Darlene Mendoza,Libyan Arab Jamahiriya,civilian,0
917,Michael Flores,Uganda,civilian,0
918,Jennifer Cantu,Libyan Arab Jamahiriya,civilian,0
919,Terri Marshall,Faroe Islands,civilian,0
920,Mr. Bryan Mack DDS,Sierra Leone,civilian,0
921,Brian Murray,Gabon,civilian,0
922,Brian Brewer,Oman,civilian,0
923,Stephen King,Indonesia,civilian,0
924,Joseph Medina,Lithuania,civilian,0
925,Sandra Lara,Azerbaijan,civilian,0
926,Dawn Reese,Christmas Island,civilian,0
927,Sherri Pitts DDS,Bolivia,civilian,0
928,Michael Torres,Finland,civilian,0
929,Alyssa Douglas,Angola,civilian,0
930,Elizabeth Gaines,Falkland Islands (Malvinas),civilian,0
931,Diana Graham,Sudan,civilian,0
932,Linda Ware,Trinidad and Tobago,civilian,0
933,Matthew Cannon,Belgium,civilian,0
934,Monica Wallace,South Africa,civilian,0
935,Brenda Johnson,Iceland,civilian,0
936,Erica Lewis,Liberia,civilian,0
937,Katherine Wright,Congo,civilian,0
938,Ashley King,Pitcairn Islands,civilian,0
939,Lisa Burns,Niger,civilian,0
940,Brenda Hammond,Saint Kitts and Nevis,civilian,0
941,Carol Owens,Rwanda,civilian,0
942,Julie Douglas,Austria,civilian,0
943,Miranda Brady,Bhutan,civilian,0
944,Gregory Weber,Barbados,civilian,0
945,Matthew Johnson,Botswana,civilian,0
946,Greg Hill,Belize,civilian,0
947,James Martin,Iceland,civilian,0
948,Karen Whitehead,Cocos (Keeling) Islands,civilian,0
949,Kathryn Davis,North Macedonia,civilian,0
950,Joshua Salas,Syrian Arab Republic,civilian,0
951,Edward Morris,Montenegro,civilian,0
952,Tammy Baker,Cuba,civilian,0
953,Jessica Zamora,Iran,civilian,0
954,Linda Daniel,Cayman Islands,civilian,0
955,Eric Kelly,France,civilian,0
956,Brian Torres,Canada,civilian,0
957,William Roberts,United Kingdom,civilian,0
958,Benjamin Hoover,Mexico,civilian,0
959,Robert Le,Syrian Arab Republic,civilian,0
960,Nicole Giles,Serbia,civilian,0
961,Thomas Moore,Slovenia,civilian,0
962,Richard Frye,Vietnam,civilian,0
963,Pamela Baxter,Kazakhstan,civilian,0
964,Vanessa Rogers,Venezuela,civilian,0
965,Angela Sandoval,Palau,civilian,0
966,Raymond Gilbert,Netherlands,civilian,0
967,William Collins,Sri Lanka,civilian,0
968,Sherri Diaz,Bosnia and Herzegovina,civilian,0
969,Earl Nguyen,Heard Island and McDonald Islands,civilian,0
970,Ronald Torres,Iran,civilian,0
971,Tammy Decker,Korea,civilian,0
972,Jodi Harper,Comoros,civilian,0
973,Melissa Norman,Lebanon,civilian,0
974,Troy Brown,Heard Island and McDonald Islands,civilian,0
975,Connor Wallace,Guatemala,civilian,0
976,Cynthia Davenport,Macao,civilian,0
977,Mackenzie Mckinney,Mexico,civilian,0
978,Jesus Young,Equatorial Guinea,civilian,0
979,Mary Thomas,United Kingdom,civilian,0
980,Brandon Sanchez,Finland,civilian,0
981,Rachel Miller,Guadeloupe,civilian,0
982,Charles Miller,Fiji,civilian,0
983,Pamela Jones,Cayman Islands,civilian,0
984,Kimberly Harmon,Luxembourg,civilian,0
985,Luis Hunter,Northern Mariana Islands,civilian,0
986,Melissa Spencer,San Marino,civilian,0
987,Nancy Young,Chile,civilian,0
988,Daniel Cooper,Guinea-Bissau,civilian,0
989,Tammy Hopkins,Namibia,civilian,0
990,Dana Sanders,Myanmar,civilian,0
991,Tommy Wright,Estonia,civilian,0
992,Sheryl Lee,Sri Lanka,civilian,0
993,Julie Schultz,Portugal,civilian,0
994,Jessica Owens,Uruguay,civilian,0
995,Miss Alicia Harris,Djibouti,civilian,0
996,Carolyn Reese,Chile,civilian,0
997,Stacy Schmidt,Netherlands,civilian,0
998,Kenneth Gilbert,Libyan Arab Jamahiriya,civilian,0
999,Christopher Villarreal,Isle of Man,civilian,0
1000,Dawn Walker,Country C,covert_operative,1
1001,Kathleen Sanchez,Country A,covert_operative,1
1002,Melissa Green,Country B,covert_operative,1
1003,Courtney Wright,Country C,covert_operative,1
1004,Joshua Cooper,Country A,covert_operative,1
1005,Evan Roman,Country A,covert_operative,1
1006,Rebecca Stein,Country B,covert_operative,1
1007,Joshua Chapman,Country A,covert_operative,1
1008,Christopher Martin,Country B,covert_operative,1
1009,Michael Bradley,Country B,covert_operative,1
1010,Scott Robbins,Country B,covert_operative,1
1011,Patricia Nguyen,Country C,covert_operative,1
1012,Ronald Rivera,Country B,covert_operative,1
1013,Maurice Li,Country B,covert_operative,1
1014,David James,Country B,covert_operative,1
1015,Heather Decker,Country C,covert_operative,1
1016,Joshua Martin,Country C,covert_operative,1
1017,Deborah Smith,Country C,covert_operative,1
1018,Ms. Joan Rubio DVM,Country C,covert_operative,1
1019,Andrew Hale,Country A,covert_operative,1
